tweet,label
the latest the equality echo thanks to,1
amateur spanking vids against women in the workplace,1
the latest the blicqer daily thanks to,1
i wasnt aware facebook was a legislature,1
its not the job of those who are disadvantaged by white privilege to calmly educate white people abou,1
not every trump suppoer is a racist but every racist is a trump suppoer this an irrefutable truism must never be tolerated,1
nick cannon speaks out against the systemic of via,1
nigger of a white kid who grew up in the s,1
and again they are flight attendants have a word with your journos,1
farmer beaten during a land invasion crisis loteni area via,1
is this what your university stands for,1
you might be a libtard if,1
you might be a libtard if,1
video men and women in bed without clothes candid videos sexting,1
amp i designed a neutral jumpsuit to call out subtle remains of involved in buttoning a shi,1
the reality is that the tech industry is made of regularass people,1
arent protesting because a wonthey do so because trump has fuhered amp,1
now comes with a as four groups are given,1
trump is a cuck,1
why would i take down my avitar why are you projecting n,1
girls in the world jgirl sex,1
sea shepherd suppoers are racist,1
porn vids web free sex,1
arent protesting because a wonthey do so because trump has fuhered amp,1
when they call us they are really saying that they are jealous of us when we go up they go down,1
spos illustrated girls naked sex videos,1
is this a new one either way disgraced themselves,1
dealing with relatives reminding you that the clock is ticking this might help,1
i noticed too definitions of and are trying to be changed so people dont hv to,1
msg of for a business to end,1
liz treacy condone excouncillor mark hacketts for me,1
are you amp like the are stomping on you listen,1
are you amp like the are stomping on you listen,1
what do u expects father was a thats why he wont denounce the kkk or racism,1
so when is your next klan meeting my wife isnt white amp im proud of her amp our love we are each others gift from,1
precisely why the deplorables are up in arms,1
video men and women in bed without clothes nude mother son sex,1
there is nothing to celebrate,1
sea shepherd suppoers are racist,1
not even trumps transition team wants to deal with carl s comments about the obamas vanity fair,1
not surprised how news outlets call opposition to racemix ad they hate racism though i embrac,1
why is ignored,1
the deafening silence from antiracist activists regarding in porn is hard to comprehend htt,1
a follow up from the gentlemen who were kicked off of airlines for simply speaking arabic,1
india willoughbys entitlement is socialized not innate sick of revoltingly entitled tws opi,1
i am just waiting for somebody other than you to call me a i dont see anybody doing it,1
where on eah is pastor is he perhaps in prayer amp meditation on how to respond with spin to this,1
any other striker in the league did the same wouldnt have been disallowd,1
not all muslims hate america,1
thought factory leftright polarisation gt,1
how is the word even in your vocabulary do you know what it means,1
the amendment discussed here thanks,1
to all those from aint a in da blm,1
the latest the blicqer daily thanks to,1
i almost always trust brazilians,1
if you didnt like or youre definitely not going to like,1
white people got nothing to do with this nigga its just one sick horrible person sadly all you,1
todays donkey are proud of murdering real palestinian semitic children thats what i call,1
i know ref to amp is as ref to accepting,1
trump ally wishes mad cow disease death for obama,1
any minute will condemn the comments of,1
wow this is what blogging is about,1
oops carl paladino didnt mean to publicly post racist comments,1
must be heabreaking for within to find theyre helpless against,1
techjunkiejhaltright site plans a fake black person twitter campaign,1
peace out fucku wont be better unless we loudly fight,1
ally made remarks towards obamas dec am et,1
woman catcalled walking in shuts down harassers in best way ever,1
virginia kkk leader were not racist were just misunderstood christians,1
book enduring conviction fred korematsu amp his quest for ht,1
christmas eve what about christmas adam this is towards men down with feminism,1
new video shows how this guy and how he staed to abuse and humiliated an muslim guy,1
commercial showing interracial couple attacked by suppoers,1
who voted for are just scared little bullies who,1
the latest the indigenous and remote daily thanks to,1
i say we because im speaking collectively ive always known showed a lot and white rage is still,1
vandalised in in condemns act,1
arent protesting because a wonthey do so because trump has fuhered amp,1
pay of via,1
white fragility why its so hard to talk to white people about,1
theres no such thing as an average christian or muslim or jew,1
nothing would be more dangerous than to give the impression we accept,1
ed op not being a racist isnt enough heres why,1
no joke im tired of acting like im by them leaving also theyre too to move to,1
is guilty of treason we must naked raygun treason,1
is not an racism is people based on race to justify or open against them,1
i repeat very concept of to only talk about e,1
clearly just humour attempt by media to undermine wont work trump is not a,1
this is how morgan freeman responded when asked how do solve racism,1
fo woh texas police chief officer acted rude but not racist in viral video,1
own team up with amp show what amp combat,1
the latest the blicqer daily thanks to,1
are amp feel like the are stomping on you listen,1
advanced value chain videos at,1
from emojis to the inexistence reverse via,1
finally gets supremely called out on via,1
verified shocking video of police touring civilians was shot at on nov,1
content harm,1
we cannot address issues of fair trade or fresh h with so much violence better npr,1
absolutely originated in hateful hatred of our african american,1
to body massage with a ending oil body happyending massage center abu dhabi,0
my call back htt,0
help creates the of amp prerequisites of a and society,0
summer with friend ill miss you,0
follow me on snapchat at awesomecutenes,0
robbie told about which lead to being asked to broadcast,0
cupcakes,0
such a happy boy love this guy,0
this keshis news is really hard for me to accept,0
days porn movie skinny amateur sex,0
the greatest gift of life is friendship and i have received it,0
months ago i thought i could live with being this size im so glad i kept going,0
arr look at taylor on the slide sister x,0
hobis face looks like omg this is a disgusting experience,0
bubbling energy with amp new faces at also listening to amp,0
gorilla simulator you need to do to adapt to the environment the need to tear the city materia,0
fathers day to all you wonderful men,0
able to catch the last show on broadway,0
friday wine chill,0
help others have a great day,0
i love u take with u all the time in ur,0
bihday,0
with the gorgeous lady durraofficial,0
nobody and i mean nobody outstupids like this how taught you to count,0
theres a baking frenzy going on in the bake it easy kitchen for tastings today,0
my old acc forgot my password help me to get my folowers,0
lawyer takes to diminish amp dismiss who protected shes blithely ignores,0
reelenterprises with repostapp scripts ready for my two leads so,0
waiting to get my hands on the oneplus,0
we sure are,0
middle fingers up i aint thinking bout you,0
my mind is absolutely buzzing after session yesterday so much potential,0
why people arent as as they could be a problem most of us will only be reading about,0
happy fathers day love you dad,0
thanks for hollowing out our city leaving an econ backward shell,0
new project on the way and nothing can stop the wrath of my pen,0
happy best friends day ampj,0
attack bull chase when you leave the lot despite the fact that youre a strong source of fo,0
the thing about and is that you feel like you know them,0
i didnt know her personally but trust me im so deeply affected by thisno one deserve this kind of ending,0
a smiling makes me,0
you daddyto all men everywhere fathers day,0
our new stoke tea room is having its final touches for opening this week,0
hahaha wow thats a statement from a year old browns fan whos never seen a browns playoff game,0
i love u take with u all the time in ur,0
the newest member of the fam wishes you a very and night,0
and the press would have you believe bike racing is too dangerous thoughts go out to the victims in orlando,0
whats a fathers day without your papi,0
simplicity is the ultimate sophistication leonardo da vinci,0
anxiety is tweets before coffee amp watering plants then realizing hours has gone by cuz ur damn foot went to sleep ht,0
attack bull game d do you really think that his head was empty around the city each s,0
anna open challenge try to find a kilometer road without potholes or breakers in hyderabad then u may work on fundu ideas,0
im very saddened amp all cuz i like ceain ppl wtf that doesnt even make sense,0
polar bear climb racing angry polar bear climb racing the polar bear living in cold place,0
havent even had a consistent snap story because u aint in it,0
things to buy if you are an angry birds fan,0
back in the day five years ago,0
glacial marine mud mask really clears our those pores,0
toptags,0
the first lollipop asiatic lily sundrops narrow leaf evening primrose and rose,0
this is what you get when you request to not communalise so much anger,0
im moving to toronto in a few months,0
animals hat chill content bucket polar bear,0
will try amp find you it will be first time ive seen you live,0
food diet benefits,0
much luv his gift,0
i try to take breaks from twitternews to detox from violent patriarchal misogyny amp ppl who think it is up for debate ampthen this,0
good morning amsterdam,0
i am stunning,0
cant wait to be back to london,0
check out this new trending bihday kanye west kanye kanyes bihday,0
usd unable to regain despite dovish fed,0
just waiting for this,0
what is it about that they must employ against anything they dont like or understand,0
usd flying high as bremain odds surged to rabobank,0
aww yeah its all good bing bong bing bong,0
impoant things to allow the to be,0
factsguide todays life,0
sunday,0
champions,0
safe ways to heal your,0
bihday peter g quite possibly the nicest man in have a great day,0
i am friendly,0
the reaction we got when we said she could have an ice cream from the ice cream man,0
save thousands free search x logins x brokers,0
happy at work conference right mindset leads to cultureofdevelopment organizations,0
at rally in washington your security grabbing protester by her breasts is this protocol,0
whats new in this votes wereare bought as well,0
she is in denial and has probably forever damaged her brand,0
happy to suppo golf tourney we won th place,0
we the people knows we are just waiting for your arrest lyin queen much,0
i am thankful for spring,0
took my last antibiotic,0
training in this hot weather legit takes it out of you,0
nd my bihday,0
if you missed our all day hour you missed out on this sofrita taco,0
usd wobbles around session tops,0
who gets to be angry,0
happy saint valentines day,0
have a great day,0
